Designator,house_part_number,Manufacturer Part Number,Footprint,Comment,Ref-X(mm),Ref-Y(mm),Rotation,Layer
C1,,GRM155R62A104KE14D,0402_capacitor,GRM155R62A104KE14D,9.2,30.1,0,TopLayer
C2,,GRM155R62A104KE14D,0402_capacitor,GRM155R62A104KE14D,23.4,22.5,270,TopLayer
C3,,GRM155R62A104KE14D,0402_capacitor,GRM155R62A104KE14D,20.3,23.1,180,TopLayer
C4,C-1uF-0402-002,GRM155R61E105KA12D,0402_capacitor,GRM155R61E105KA12D,12.7,28.9,270,TopLayer
C5,C-1uF-0402-002,GRM155R61E105KA12D,0402_capacitor,GRM155R61E105KA12D,14.5,28.9,270,TopLayer
C6,C-1uF-0402-002,GRM155R61E105KA12D,0402_capacitor,GRM155R61E105KA12D,13.6,28.9,270,TopLayer
C7,,GRM155R62A104KE14D,0402_capacitor,GRM155R62A104KE14D,9.8,27.7,180,TopLayer
C8,,GRM155R62A104KE14D,0402_capacitor,GRM155R62A104KE14D,59.5,14.45,0,TopLayer
C9,,GRM155R62A104KE14D,0402_capacitor,GRM155R62A104KE14D,48.9,2.1,90,TopLayer
C10,,GRM155R62A104KE14D,0402_capacitor,GRM155R62A104KE14D,52.6,2.1,90,TopLayer
C11,,GRM155R62A104KE14D,0402_capacitor,GRM155R62A104KE14D,52.6,12.3,270,TopLayer
C12,,GRM155R62A104KE14D,0402_capacitor,GRM155R62A104KE14D,48.8,12.3,270,TopLayer
C13,,GRM155R62A104KE14D,0402_capacitor,GRM155R62A104KE14D,44.7,6.7,0,TopLayer
C14,,GRM155R62A104KE14D,0402_capacitor,GRM155R62A104KE14D,55.8274,6.8448,180,TopLayer
C15,,GRM155R62A104KE14D,0402_capacitor,GRM155R62A104KE14D,55.8274,6.0448,180,TopLayer
C16,C-1uF-0402-002,GRM155R61E105KA12D,0402_capacitor,GRM155R61E105KA12D,55.3,3.9,180,TopLayer
C17,C-1uF-0402-002,GRM155R61E105KA12D,0402_capacitor,GRM155R61E105KA12D,55.3,4.7,180,TopLayer
C18,,GRM155R62A104KE14D,0402_capacitor,GRM155R62A104KE14D,44.7,5.9,0,TopLayer
C19,,GRM155R62A104KE14D,0402_capacitor,GRM155R62A104KE14D,55.8274,7.6448,180,TopLayer
C20,C-27pF-0402-002,CC0402JRNPO9BN270,0402_capacitor,CC0402JRNPO9BN270,41.8,11.5,180,TopLayer
C21,C-27pF-0402-002,CC0402JRNPO9BN270,0402_capacitor,CC0402JRNPO9BN270,41.8,5.9,0,TopLayer
C22,,GRM32EC72A106KE05L,1210_capacitor,GRM32EC72A106KE05L,19.9,12.8,180,TopLayer
C23,C-470nF-0402-002,GRM155R61H474KE11D,0402_capacitor,GRM155R61H474KE11D,21.6,10.9,180,TopLayer
C24,,GRM155R62A104KE14D,0402_capacitor,GRM155R62A104KE14D,24,7.6,270,TopLayer
C25,,GRT21BR61E226ME13L,0805_capacitor,GRT21BR61E226ME13L,23.4,12.3,90,TopLayer
C26,,GRT21BR61E226ME13L,0805_capacitor,GRT21BR61E226ME13L,22.6,15.3,0,TopLayer
C27,,GCM1555C1H300FA16D,0402_capacitor,GCM1555C1H300FA16D,22.2,4.4,270,TopLayer
C28,,GCM1555C1H300FA16D,0402_capacitor,GCM1555C1H300FA16D,21.3,4.4,270,TopLayer
C29,,GRM32EC72A106KE05L,1210_capacitor,GRM32EC72A106KE05L,45.7671,22.6,180,TopLayer
C30,C-470nF-0402-002,GRM155R61H474KE11D,0402_capacitor,GRM155R61H474KE11D,44.8671,24.6,180,TopLayer
C31,,GRM32EC72A106KE05L,1210_capacitor,GRM32EC72A106KE05L,44.0671,34.3,90,TopLayer
C32,,GRM32EC72A106KE05L,1210_capacitor,GRM32EC72A106KE05L,47.0671,34.3,90,TopLayer
C33,,GRM155R62A104KE14D,0402_capacitor,GRM155R62A104KE14D,46.8,24.6,0,TopLayer
C34,C-10uF-0603-002,CL10A106MA8NRNC,0603_capacitor,CL10A106MA8NRNC,36.44,38,0,TopLayer
C35,,GRM155R62A104KE14D,0402_capacitor,GRM155R62A104KE14D,34.14,38,270,TopLayer
C36,C-1uF-0402-002,GRM155R61E105KA12D,0402_capacitor,GRM155R61E105KA12D,16.5,48.7,180,BottomLayer
C37,C-47nF-0402-001,GRM155R71H473KE14D,0402_capacitor,GRM155R71H473KE14D,48.9671,26.5,90,TopLayer
C38,,CC0402KRX7R9BB102,0402_capacitor,CC0402KRX7R9BB102,47.9671,26.5,90,TopLayer
C39,,GRT21BR61E226ME13L,0805_capacitor,GRT21BR61E226ME13L,46.1,41.7,270,TopLayer
C40,,GRT21BR61E226ME13L,0805_capacitor,GRT21BR61E226ME13L,48.2,41.7,270,TopLayer
C41,,GRT21BR61E226ME13L,0805_capacitor,GRT21BR61E226ME13L,26.4,49.9,0,TopLayer
C42,,GRM155R62A104KE14D,0402_capacitor,GRM155R62A104KE14D,28.8,15.3,270,BottomLayer
C43,,GRM155R62A104KE14D,0402_capacitor,GRM155R62A104KE14D,29.8,13.5,180,BottomLayer
C44,,GRM155R62A104KE14D,0402_capacitor,GRM155R62A104KE14D,27.4,6.2,270,BottomLayer
C45,,GRM155R62A104KE14D,0402_capacitor,GRM155R62A104KE14D,17.6,27.9,90,TopLayer
C46,,GRM155R62A104KE14D,0402_capacitor,GRM155R62A104KE14D,13.9,20.4,90,TopLayer
C47,,GRM155R62A104KE14D,0402_capacitor,GRM155R62A104KE14D,50.3671,33.2,90,TopLayer
C48,,GRT21BR61E226ME13L,0805_capacitor,GRT21BR61E226ME13L,50.3,54,90,TopLayer
C49,,GRM155R62A104KE14D,0402_capacitor,GRM155R62A104KE14D,50.8,56.7,270,TopLayer
C50,C-1uF-0402-002,GRM155R61E105KA12D,0402_capacitor,GRM155R61E105KA12D,50.3,50.5,0,TopLayer
C51,C-10uF-0603-002,CL10A106MA8NRNC,0603_capacitor,CL10A106MA8NRNC,32.1,14.6,90,TopLayer
C52,,GRM155R62A104KE14D,0402_capacitor,GRM155R62A104KE14D,18,13.5,0,BottomLayer
C53,,GRM155R62A104KE14D,0402_capacitor,GRM155R62A104KE14D,28.8,3.9,90,BottomLayer
C54,,GRM155R62A104KE14D,0402_capacitor,GRM155R62A104KE14D,66.6,9.5,270,BottomLayer
C55,,UUD1V221MNL1GS,UUD1V221MNL1GS,UUD1V221MNL1GS,6.5,35.6,180,TopLayer
C56,,UUD1V221MNL1GS,UUD1V221MNL1GS,UUD1V221MNL1GS,16.9,38.6,0,TopLayer
C57,C-1uF-0402-002,GRM155R61E105KA12D,0402_capacitor,GRM155R61E105KA12D,55.6,33.2,180,TopLayer
C58,C-1uF-0402-002,GRM155R61E105KA12D,0402_capacitor,GRM155R61E105KA12D,57.4,33.2,0,TopLayer
C59,,GCM1555C1H300FA16D,0402_capacitor,GCM1555C1H300FA16D,57.1,28.8,0,TopLayer
C60,,GCM1555C1H300FA16D,0402_capacitor,GCM1555C1H300FA16D,57.1,27.8,0,TopLayer
C61,,GRM155R62A104KE14D,0402_capacitor,GRM155R62A104KE14D,19.8,21.2,270,BottomLayer
C63,,GRM155R62A104KE14D,0402_capacitor,GRM155R62A104KE14D,48.6,24.6,180,TopLayer
D1,,STPS5H100AFY,SOD128,STPS5H100AFY,20.6,20,0,TopLayer
D2,,SMCJ33CA-13-F,SMCJ33CA-13-F,SMCJ33CA-13-F,25.6,32.1,0,TopLayer
D3,,SMCJ33CA-13-F,SMCJ33CA-13-F,SMCJ33CA-13-F,27.3,23.5,90,TopLayer
D4,,STPS5H100AFY,SOD128,STPS5H100AFY,15.7,11.1,270,TopLayer
D5,,STPS5H100AFY,SOD128,STPS5H100AFY,40.9671,33.6,270,TopLayer
FID1,,,fiducial-0.5,FID?,1.4,61.8,90,TopLayer
FID2,,,fiducial-0.5,FID?,59,1,0,TopLayer
FID3,,,fiducial-0.5,FID?,2,2,90,TopLayer
FID4,,,fiducial-0.5,FID?,1.5,62.6,90,BottomLayer
FID5,,,fiducial-0.5,FID?,2,2,90,BottomLayer
FID6,,,fiducial-0.5,FID?,58,1,90,BottomLayer
J1,USB_C_2.0_M12,TYPE-C-31-M-12,USB_C_2.0_M12,USB-C,2.94,24.8,270,TopLayer
J2,,B04B-XASK-1,B04B-XASK-1,PXZ120I1/2 Ballast,5,47.7,90,TopLayer
J3,,DC-005-A200,DC-005-A200,+12V In,6.44,9.3,0,TopLayer
J6,,B05B-XASK-1(LF)(SN),B05B-XASK-1,PXZ120I3 Ballast,12,50.8,90,TopLayer
J7,,47053-1000,470531000,Fan,5.4,59.6,90,TopLayer
J8,,PPTC051LGBN-RC,radar_angled_1,mmWave,56.6,40,270,BottomLayer
J9,,B3B-PH-K-S(LF)(SN),B3B-PH-K-S(LF)(SN),UART,19.4,63,180,TopLayer
J10,,22-23-2021,22012027,Fan Alternate,11.8,62.3,270,TopLayer
J12,,FH35C-15S-0.3SHW(50),FH35C-15S-0.3SHW(50),ER-TFT1.54-2 LCD,36.44,15.1,0,TopLayer
L1,,NRS6045T220MMGKV,2424_inductor,NRS6045T220MMGKV,27.6,10.6,90,TopLayer
L2,,SL1050-100M,1050_inductor,SL1050-100M,36.5671,24.6,90,TopLayer
L3,,SMMS0630-100M,SMMS0630,SMMS0630-100M,12.7,35.8,0,BottomLayer
LED0,,LTST-C191TGKT,0603_diode,LTST-C191TGKT,28.75,4.7,0,TopLayer
M2,,ESP32-C6-MINI-1-N4,ESP32-C6-MINI-1,"Bluetooth, WiFi",58.1,53.9,0,TopLayer
Q1,,DMN3404L-7,SOT-23-3,DMN3404L-7,16.2,46.4,90,BottomLayer
Q2,,AO3401A,SOT95P280X115-3N,P-FET,22.2,25,270,TopLayer
Q3,,DMP4051LK3-13,TO-252,P-FET,16.1,26.5,90,BottomLayer
Q4,,DMN3404L-7,SOT-23-3,DMN3404L-7,9.4,24,0,BottomLayer
Q5,,DMN3404L-7,SOT-23-3,DMN3404L-7,12.3,58.4,180,BottomLayer
Q6,,DMN3404L-7,SOT-23-3,DMN3404L-7,45.7,16.6,180,TopLayer
R1,,RMCF0402FT100K,0402_resistor,RMCF0402FT100K,20,27.9,270,TopLayer
R2,,RMCF0402FT100K,0402_resistor,RMCF0402FT100K,20,25.7,90,TopLayer
R4,,CR0402-FX-1001GLF,0402_resistor,CR0402-FX-1001GLF,18.4,26.2,0,TopLayer
R5,R-100-0402-1%-001,RMCF0402FT100R,0402_resistor,RMCF0402FT100R,18.8,23.6,270,TopLayer
R6,R-10k-0402-1%-001,RMCF0402FT10K0,0402_resistor,RMCF0402FT10K0,18.8,27.9,90,TopLayer
R7,R-100-0402-1%-001,RMCF0402FT100R,0402_resistor,RMCF0402FT100R,17.1,43.5,90,BottomLayer
R8,,RC0402FR-0722K1L,0402_resistor,RC0402FR-0722K1L,18.4,25.1,0,TopLayer
R9,,CR0402-FX-1001GLF,0402_resistor,CR0402-FX-1001GLF,20.3,22.1,0,TopLayer
R10,R-10k-0402-1%-001,RMCF0402FT10K0,0402_resistor,RMCF0402FT10K0,11.9,23.3,270,BottomLayer
R11,R-49.9-0402-1%-001,RMCF0402FT49R9,0402_resistor,RMCF0402FT49R9,23.7,4.7,0,TopLayer
R12,R-10k-0402-1%-001,RMCF0402FT10K0,0402_resistor,RMCF0402FT10K0,55.9,14.65,0,TopLayer
R13,JP-0402-001,RMCF0402ZT0R00,0402_resistor,RMCF0402ZT0R00,27.3,47.6,90,TopLayer
R14,R-100-0402-1%-001,RMCF0402FT100R,0402_resistor,RMCF0402FT100R,26.2,4.7,180,TopLayer
R15,,CR0402-FX-1001GLF,0402_resistor,CR0402-FX-1001GLF,44.7,7.6,0,TopLayer
R16,R-100-0402-1%-001,RMCF0402FT100R,0402_resistor,RMCF0402FT100R,9.5,21,180,BottomLayer
R17,,RMCF0402FT100K,0402_resistor,RMCF0402FT100K,20.3,4.4,270,TopLayer
R18,,RC0402FR-0722K1L,0402_resistor,RC0402FR-0722K1L,19.2,5.4,270,TopLayer
R19,,RMCF0402FT100K,0402_resistor,RMCF0402FT100K,16.2,20.4,270,TopLayer
R20,,RMCF0402FT100K,0402_resistor,RMCF0402FT100K,49.2671,35.4,90,TopLayer
R21,R-10k-0402-1%-001,RMCF0402FT10K0,0402_resistor,RMCF0402FT10K0,15,20.4,90,TopLayer
R22,,CR0402-FX-1001GLF,0402_resistor,CR0402-FX-1001GLF,16.5,49.8,180,BottomLayer
R23,R-100-0402-1%-001,RMCF0402FT100R,0402_resistor,RMCF0402FT100R,14.8,58.3,90,BottomLayer
R24,,CR0402-FX-1001GLF,0402_resistor,CR0402-FX-1001GLF,54.3,15.1,90,TopLayer
R25,R-27-0402-1%-001,RMCF0402FT27R0,0402_resistor,RMCF0402FT27R0,58,5.9,0,TopLayer
R26,R-27-0402-1%-001,RMCF0402FT27R0,0402_resistor,RMCF0402FT27R0,58,4.8,0,TopLayer
R27,R-10k-0402-1%-001,RMCF0402FT10K0,0402_resistor,RMCF0402FT10K0,49.2671,33.2,90,TopLayer
R28,,AC0402FR-07187KL,0402_resistor,AC0402FR-07187KL,49.1671,29.5,90,TopLayer
R29,,RC0402FR-071K65L,0402_resistor,RC0402FR-071K65L,48.4671,27.9,180,TopLayer
R30,,RC0402FR-0760K4L,0402_resistor,RC0402FR-0760K4L,46.4671,31.2,180,TopLayer
R31,R-10k-0402-1%-001,RMCF0402FT10K0,0402_resistor,RMCF0402FT10K0,60.9,10.7,90,BottomLayer
R32,R-10k-0402-1%-001,RMCF0402FT10K0,0402_resistor,RMCF0402FT10K0,60.9,8.3,270,BottomLayer
R33,R-10k-0402-1%-001,RMCF0402FT10K0,0402_resistor,RMCF0402FT10K0,5.7,53.6,0,BottomLayer
R35,R-10k-0402-1%-001,RMCF0402FT10K0,0402_resistor,RMCF0402FT10K0,15.3,61.1,0,BottomLayer
R36,R-10k-0402-1%-001,RMCF0402FT10K0,0402_resistor,RMCF0402FT10K0,59.4,25.2,90,TopLayer
R37,R-100-0402-1%-001,RMCF0402FT100R,0402_resistor,RMCF0402FT100R,54.6,34.7,90,BottomLayer
R38,R-100-0402-1%-001,RMCF0402FT100R,0402_resistor,RMCF0402FT100R,58.5,19.1,90,TopLayer
R39,R-10k-0402-1%-001,RMCF0402FT10K0,0402_resistor,RMCF0402FT10K0,47.9671,29.5,270,TopLayer
R40,R-10k-0402-1%-001,RMCF0402FT10K0,0402_resistor,RMCF0402FT10K0,18.5,45.9,90,BottomLayer
R41,R-10k-0402-1%-001,RMCF0402FT10K0,0402_resistor,RMCF0402FT10K0,7.1,23.9,270,BottomLayer
R42,R-100-0402-1%-001,RMCF0402FT100R,0402_resistor,RMCF0402FT100R,17.4,61.1,180,BottomLayer
R43,R-100-0402-1%-001,RMCF0402FT100R,0402_resistor,RMCF0402FT100R,22.3,60.4,90,BottomLayer
R44,,RMCF0402FT100K,0402_resistor,RMCF0402FT100K,61.5,46.9,270,TopLayer
R45,R-10k-0402-1%-001,RMCF0402FT10K0,0402_resistor,RMCF0402FT10K0,50.3,51.6,180,TopLayer
R46,,CR0402-FX-1001GLF,0402_resistor,CR0402-FX-1001GLF,60.6,31.1,90,TopLayer
R47,R-100-0402-1%-001,RMCF0402FT100R,0402_resistor,RMCF0402FT100R,60.6,22.6,90,TopLayer
R48,R-100-0402-1%-001,RMCF0402FT100R,0402_resistor,RMCF0402FT100R,60.6,25.2,90,TopLayer
R49,R-27-0402-1%-001,RMCF0402FT27R0,0402_resistor,RMCF0402FT27R0,40.6,14.6,90,TopLayer
R50,R-27-0402-1%-001,RMCF0402FT27R0,0402_resistor,RMCF0402FT27R0,41.7,14.6,90,TopLayer
R51,R-27-0402-1%-001,RMCF0402FT27R0,0402_resistor,RMCF0402FT27R0,42.8,14.6,90,TopLayer
R52,R-100-0402-1%-001,RMCF0402FT100R,0402_resistor,RMCF0402FT100R,48.7,15.6,180,TopLayer
R53,R-10k-0402-1%-001,RMCF0402FT10K0,0402_resistor,RMCF0402FT10K0,48.3,17.2,90,TopLayer
R54,,RC0402FR-0722K1L,0402_resistor,RC0402FR-0722K1L,11.9,25.3,90,BottomLayer
R55,R-100-0402-1%-001,RMCF0402FT100R,0402_resistor,RMCF0402FT100R,59.8,13.2,180,BottomLayer
SW1,SW-TAC-4.5-8-260gf,TSC015A08026B,TSC015A08026B,Up,24.3,15.3,180,BottomLayer
SW2,SW-TAC-4.5-8-260gf,TSC015A08026B,TSC015A08026B,Left,30.6,9,90,BottomLayer
SW3,SW-TAC-4.5-8-260gf,TSC015A08026B,TSC015A08026B,Center,24.3,9,270,BottomLayer
SW4,,TSC015A06026A,TSC015A06026A,Pi Boot,51.3,17.5,180,BottomLayer
SW7,SW-TAC-4.5-8-260gf,TSC015A08026B,TSC015A08026B,Right,18,9,270,BottomLayer
SW8,SW-TAC-4.5-8-260gf,TSC015A08026B,TSC015A08026B,Down,24.3,2.7,0,BottomLayer
U1,,STUSB4500QTR,QFN-24,USB-PD Sink,14.1,24.8,0,TopLayer
U2,W25Q128JVSIM,W25Q128JVSIM TR,SOIC-8_wide,128 Mb Flash,59.5,11.25,0,TopLayer
U3,,RP2040,QFN-56,RP2040,49.9,7.2,270,TopLayer
U4,SRV05-4A,SRV05-4A,SOT95P280X110-6N,USB TVS,9.4,24.8,90,TopLayer
U5,,TPS54202DDCR,SOT-23-6,+3.3V Buck,21.8,8.2,270,TopLayer
U6,,TPS55340RTER,QDF-16,+24V Boost,44.6671,27.8,90,TopLayer
U7,LIS3DHTR,LIS3DHTR,LGA50P300X300X100-16N,3-Axis Accelerometer,36.44,35.2,0,TopLayer
U8,,TMAG5273A2QDBVR,SOT-23-6,Magnet Sensor,68.9,9.5,270,BottomLayer
U9,,AP2210K-5.0TRG1,SOT-23-5,AP2210K-5.0TRG1,56.6,31,0,TopLayer
Y1,TAXM12M4RLBDDT2T,TAXM12M4RLBDDT2T,3225_crystal,TAXM12M4RLBDDT2T,41.8,8.7,270,TopLayer
