"Comment","topDesignator","bottomDesignator","Footprint","JLCPCB Part #"
"10kO,0402Chipresistor","R6,R12,R21,R27,R36,R39,R45,R53","R10,R31,R32,R33,R35,R40,R41","0402_resistor","C60490"
"USB-C2.0FemaleConnector","J1",,"USB_C_2.0_M12","C165948"
"10礔,100V,1210Ceramiccapacitor","C22,C29,C31,C32",,"1210_capacitor","C576517"
"Tactileswitch,SPST",,"SW1,SW2,SW3,SW7,SW8","TSC015A08026B","C2888517"
"10礔,25V,X5R,0603Chipcapacitor","C34,C51",,"0603_capacitor","C96446"
"12MHz,10ppm,20pF,3225Crystal","Y1",,"3225_crystal","C133334"
"187kO,1%,0402Chipresistor","R28",,"0402_resistor","C163486"
"3-Axisaccelerometer,16-bit,I2C/SPI,LGA-16","U7",,"LGA50P300X300X100-16N","C15134"
"100kO,0402Chipresistor","R1,R2,R17,R19,R20,R44",,"0402_resistor","C60491"
"10礖,5.5A,6.6mmx7.3mminductor",,"L3","SMMS0630","C128692"
"2-Pin0.1'header,through-hole","J10",,"22012027","C234180"
"470nF,50V,X5R,0402Chipcapacitor","C23,C30",,"0402_capacitor","C437527"
"P-FET,40V,10.5A,TO-252",,"Q3","TO-252","C461102"
"N-FET,30V,5.8A,SOT-23-3","Q6","Q1,Q4,Q5","SOT-23-3","C155257"
"100nF,100V,X7R,0402Chipcapacitor","C1,C2,C3,C7,C8,C9,C10,C11,C12,C13,C14,C15,C18,C19,C24,C33,C35,C45,C46,C47,C49,C63","C42,C43,C44,C52,C53,C54,C61","0402_capacitor","C162178"
"47nF,50V,X7R,0402Chipcapacitor","C37",,"0402_capacitor","C117757"
"5-PinangledfemaleheaderwithmmWaveradarboard.",,"J8","radar_angled_1","C2935995"
"60.4kO,1%,0402Chipresistor","R30",,"0402_resistor","C327333"
"1nF,50V,X7R,0402Chipcapacitor","C38",,"0402_capacitor","C106205"
"TVSdiode,TransVoltageSuppressorDiode,1500W,33VV(RWM),Bidirectional,1Element,Silicon","D2,D3",,"SMCJ33CA-13-F","C135162"
"22礔,25V,X5R,0805Chipcapacitor","C25,C26,C39,C40,C41,C48",,"0805_capacitor","C398931"
"100O,0402Chipresistor","R5,R14,R38,R47,R48,R52","R7,R16,R23,R37,R42,R43,R55","0402_resistor","C106232"
"1.65kO,1%,0402Chipcapacitor","R29",,"0402_resistor","C185453"
"ESP32-C6chipset,PCBantenna,SMD-53","M2",,"ESP32-C6-MINI-1","C5736265"
"4-pinPCFanconnector","J7",,"470531000","C2761402"
"1kO,0402Chipresistor","R4,R9,R15,R24,R46","R22","0402_resistor","C106235"
"30pF,50V,C0G,0402Chipcapacitor","C27,C28,C59,C60",,"0402_capacitor","C107004"
"22.1kO,1%,0402Resistor","R8,R18","R54","0402_resistor","C163478"
"Boost,32V,7.75A,QFN-16","U6",,"QDF-16","C169167"
"SwitchingRegulator,Current-mode,2A,500kHzSwitchingFreq-Max,PDSO6","U5",,"SOT-23-6","C191884"
"27pF,25V,X7R,0402Chipcapacitor","C20,C21",,"0402_capacitor","C107002"
"GreenLED,0603","LED0",,"0603_diode","C125101"
"Schottkydiode,100V,5A,SOD-128","D1,D4,D5",,"SOD128","C559342"
"22礖,2A,20%,2424Inductor","L1",,"2424_inductor","C1332315"
"220礔,35V,8mmElectrolyticcapacitor","C55,C56",,"UUD1V221MNL1GS","C136294"
"3-AxisHallsensor,I2C,SOT-23-6",,"U8","SOT-23-6","C3715882"
"3-PinJSTPHheader,2mmpitch,ThroughHole","J9",,"B3B-PH-K-S(LF)(SN)","C131339"
"P-FET,30V,4A,SOT-23-3","Q2",,"SOT95P280X115-3N","C15127"
"1礔,25V,X5R,0402Chipcapacitor","C4,C5,C6,C16,C17,C50,C57,C58","C36","0402_capacitor","C77009"
"4-pinJSTXAheader,2.5mmpitch,through-hole","J2",,"B04B-XASK-1","C264994"
"5.5mmx2mm,30V,3ABarreljack","J3",,"DC-005-A200","C720557"
"27O,0402Chipresistor","R25,R26,R49,R50,R51",,"0402_resistor","C138021"
"RaspberryPimicrocontroller,QFN-56","U3",,"QFN-56","C2040"
"TVSDIODEARRAYSOT23-6","U4",,"SOT95P280X110-6N","C260410"
"ER-TFT1.54-21.54'IPSLCD,240x240,ST7789controller,FH35C-15S-0.3SHW(50)connector","J12",,"FH35C-15S-0.3SHW(50)","C2889267"
"5-PinJSTXAheader,2.5mmpitch,through-hole","J6",,"B05B-XASK-1","C265079"
"Tactileswitch,SPST,6mmtall",,"SW4","TSC015A06026A","C2888512"
"10礖,8A,1050Inductor","L2",,"1050_inductor","C22463843"
"128MbSPIflashmemory","U2",,"SOIC-8_wide","C2613930"
"5V,300mALDO,SOT-23-5","U9",,"SOT-23-5","C500758"
"0O,0402Jumper","R13",,"0402_resistor","C106231"
"49.9O,0402Chipresistor","R11",,"0402_resistor","C87044"
"USBPDSink","U1",,"QFN-24","C2678061"
