Designator,Mid X,Mid Y,Layer,Rotation
C1,34.3,23.4,TopLayer,270
J1,22.28,26.1,TopLayer,90
J2,29.54,27.7,TopLayer,0
J3,27.36,38.8,TopLayer,0
J4,45.14,26.1,TopLayer,90
J5,42.6,15.94,TopLayer,180
Q1,38.8,29.2,TopLayer,180
R1,32.9,22.9,TopLayer,270
R2,31.7,22.9,TopLayer,270
R3,31.5,33,TopLayer,90
R4,33.7,27.2,TopLayer,90
R5,34.8,27.2,TopLayer,90
R6,35.9,27.2,TopLayer,90
R7,26.8,22.9,TopLayer,90
R8,28,22.9,TopLayer,90
R9,30.5,22.9,TopLayer,90
R10,30.2,33,TopLayer,270
R11,27.3,33,TopLayer,270
R12,42.6,29.8,TopLayer,270
R13,41.9,28.2,TopLayer,180
