Comment,Designator,Footprint,Manufacturer Part Number
"10 �F, 25 V, X5R, 0603 Chip capacitor",C1,0603_capacitor,CL10A106MA8NRNC
"6-Pin 0.1"" unshrouded header pins","J1, J3, J4, J5",69190-106HLF,69190-106HLF
"ER-TFT1.54-2 1.54"" IPS LCD, 240x240, ST7789 controller, FH35C-15S-0.3SHW(50) connector",J2,FH35C-15S-0.3SHW(50),FH35C-15S-0.3SHW(50)
"N-FET, 30 V, 5.8 A, SOT-23-3",Q1,SOT-23-3,DMN3404L-7
"0 O, 0402 Jumper","R1, R2, R3, R7, R8, R9, R10, R11",0402_resistor,RMCF0402ZT0R00
"27 O, 0402 Chip resistor","R4, R5, R6",0402_resistor,RMCF0402FT27R0
"10 kO, 0402 Chip resistor",R12,0402_resistor,RMCF0402FT10K0
"100 O, 0402 Chip resistor",R13,0402_resistor,RMCF0402FT100R
