Comment,Designator,Footprint,JLCPCB Part #
GRM155R61H474KE11D,C2,0402_capacitor,C437527
GRM155R71E104KE14D,"C3,C8,C9,C10,C11,C12,C13,C14,C15,C18,C19",0402_capacitor,C77014
USHIOLamp,J2,B04B-XASK-1,C264994
LTST-C191TGKT,LED1,0603_diode,C125101
RMCF0402FT100R,"R2,R7,R13,R14,R16",0402_resistor,C106232
RMCF0402FT22K1,R10,0402_resistor,C723560
RP2040,U3,QFN-56,C2040
RMCF0402FT10K0,R11,0402_resistor,C25744
RMCF0402FT100K,"R8,R9",0402_resistor,C25741
Buck,U1,SOT-23-6,C191884
RMCF0402FT49R9,R4,0402_resistor,C87044
150060RS75000,"LED2,LED3",0603_diode,C2286
Fan,J3,2834006-2,C86483
NRS6045T220MMGKV,L1,2424_inductor,C515390
CR0402-FX-1001GLF,R15,0402_resistor,C144789
GCM1555C1H300FA16D,"C6,C7,C20,C21",0402_capacitor,C2987943
DC0053,J1,DC0053,C668601
GRT21BR61E226ME13L,"C4,C5",0805_capacitor,C45783
X50328MSB2GI,Y1,SMD-5032,C115962
mmWave,J5,69190-105HLF,C2935911
GRM32EC72A106KE05L,C1,1210_capacitor,C77102
DMN3404L-7,"Q1,Q2",SOT-23-3,C155257
GRM155R61E105KA12D,"C16,C17",0402_capacitor,C77009
W25Q128JVSIQ,U2,SOIC-8,C113767
