Designator,Mid X,Mid Y,Layer,Rotation
C1,12.7,26.6,TopLayer,270
C2,14.6,28.3,TopLayer,270
C3,17.9,30.7,TopLayer,0
C4,13.2,30.1,TopLayer,180
C5,10.2,29.3,TopLayer,90
C6,21.1,28.9,TopLayer,0
C7,21.1,28,TopLayer,0
C8,29.45,27.6,TopLayer,90
C9,41.8,17,TopLayer,180
C10,41.8,20.6,TopLayer,180
C11,31.6,20.7,TopLayer,0
C12,31.6,17,TopLayer,0
C13,38.5,12.9,TopLayer,90
C14,37.3,23.1,TopLayer,270
C15,38.1,23.1,TopLayer,270
C16,39.7,23.1,TopLayer,270
C17,38.9,23.1,TopLayer,270
C18,37.3,12.9,TopLayer,90
C19,36.5,23.1,TopLayer,270
C20,32.6,10.9,TopLayer,270
C21,39.6,10.9,TopLayer,270
FID1,7,37,TopLayer,90
FID2,45,30,TopLayer,90
FID3,38,2,TopLayer,90
J1,4.5,23.2,BottomLayer,180
J2,24.85,7.6,TopLayer,180
J3,14.1,11,TopLayer,270
J5,30,34.5,TopLayer,180
L1,14.9,34.2,TopLayer,180
LED1,21.4,35.45,TopLayer,90
LED2,26.2,20.1,TopLayer,180
LED3,26.2,18.8,TopLayer,180
Q1,23.65,13.2,TopLayer,270
Q2,12.75,19.7011,TopLayer,270
R2,21.4,32.95,TopLayer,270
R4,21.4,30.4,TopLayer,90
R7,26.9,14.35,TopLayer,180
R8,21.1,27,TopLayer,0
R9,4.8,24.4,TopLayer,0
R10,20.1,25.9,TopLayer,0
R11,3,23.9,TopLayer,90
R13,28.8,20.1,TopLayer,0
R14,16,20.8,TopLayer,180
R15,36.3,12.8,TopLayer,90
R16,28.8,18.8,TopLayer,0
U1,17.3,28.55,TopLayer,0
U2,32.65,27.6,TopLayer,90
U3,36.7,18,TopLayer,0
Y1,36.1,9.9,TopLayer,180
