Designator,Mid X,Mid Y,Layer,Rotation
C1,9.2,30.1,TopLayer,0
C2,23.4,22.5,TopLayer,270
C3,20.3,23.1,TopLayer,180
C4,12.7,28.9,TopLayer,270
C5,14.5,28.9,TopLayer,270
C6,13.6,28.9,TopLayer,270
C7,9.8,27.7,TopLayer,180
C8,59.5,14.45,TopLayer,0
C9,48.9,2.1,TopLayer,90
C10,52.6,2.1,TopLayer,90
C11,52.6,12.3,TopLayer,270
C12,48.8,12.3,TopLayer,270
C13,44.7,6.7,TopLayer,0
C14,55.8274,6.8448,TopLayer,180
C15,55.8274,6.0448,TopLayer,180
C16,55.3,3.9,TopLayer,180
C17,55.3,4.7,TopLayer,180
C18,44.7,5.9,TopLayer,0
C19,55.8274,7.6448,TopLayer,180
C20,41.8,11.5,TopLayer,180
C21,41.8,5.9,TopLayer,0
C22,19.9,12.8,TopLayer,180
C23,21.6,10.9,TopLayer,180
C24,24,7.6,TopLayer,270
C25,23.4,12.3,TopLayer,90
C26,22.6,15.3,TopLayer,0
C27,22.2,4.4,TopLayer,270
C28,21.3,4.4,TopLayer,270
C29,45.7671,22.6,TopLayer,180
C30,44.8671,24.6,TopLayer,180
C31,44.0671,34.3,TopLayer,90
C32,47.0671,34.3,TopLayer,90
C33,46.6671,24.6,TopLayer,180
C34,36.44,38,TopLayer,0
C35,34.14,38,TopLayer,270
C36,15.3,49.2,BottomLayer,180
C37,48.9671,26.5,TopLayer,90
C38,47.9671,26.5,TopLayer,90
C39,46.1,41.7,TopLayer,270
C40,48.2,41.7,TopLayer,270
C41,26.4,49.9,TopLayer,0
C42,28.8,15.3,BottomLayer,270
C43,29.8,13.5,BottomLayer,180
C44,27.4,6.2,BottomLayer,270
C45,17.6,27.9,TopLayer,90
C46,13.9,20.4,TopLayer,90
C47,50.3671,33.2,TopLayer,90
C48,50.3,54,TopLayer,90
C49,50.8,56.7,TopLayer,270
C50,50.3,50.5,TopLayer,0
C51,32.1,14.6,TopLayer,90
C52,18,13.5,BottomLayer,0
C53,28.8,3.9,BottomLayer,90
C54,68.6,9.5,BottomLayer,270
C55,6.5,35.6,TopLayer,180
C56,16.9,38.6,TopLayer,0
C57,55.6,33.2,TopLayer,180
C58,57.4,33.2,TopLayer,0
C59,57.1,28.8,TopLayer,0
C60,57.1,27.8,TopLayer,0
D1,20.6,20,TopLayer,0
D2,25.6,32.1,TopLayer,0
D3,27.3,23.5,TopLayer,90
D4,15.7,11.1,TopLayer,270
D5,40.9671,33.6,TopLayer,270
J1,2.94,24.8,TopLayer,270
J2,5,47.7,TopLayer,90
J3,6.44,9.3,TopLayer,0
J6,12,50.8,TopLayer,90
J7,5.4,59.6,TopLayer,90
J8,56.6,40,BottomLayer,270
J9,19.4,63,TopLayer,180
J10,11.8,62.3,TopLayer,270
J12,36.44,15.1,TopLayer,0
L1,27.6,10.6,TopLayer,90
L2,36.5671,24.6,TopLayer,90
L3,12.7,35.8,BottomLayer,0
LED0,28.75,4.7,TopLayer,0
M2,58.1,53.9,TopLayer,0
Q1,16.2,46.4,BottomLayer,90
Q2,22.2,25,TopLayer,270
Q3,16.1,26.5,BottomLayer,90
Q4,9.4,24,BottomLayer,0
Q5,12.3,58.4,BottomLayer,180
Q6,45.7,16.6,TopLayer,180
R1,20,27.9,TopLayer,270
R2,20,25.7,TopLayer,90
R4,18.4,26.2,TopLayer,0
R5,18.8,23.6,TopLayer,270
R6,18.8,27.9,TopLayer,90
R7,17.1,43.5,BottomLayer,90
R8,18.4,25.1,TopLayer,0
R9,20.3,22.1,TopLayer,0
R10,11.9,23.9,BottomLayer,270
R11,23.7,4.7,TopLayer,0
R12,55.9,14.65,TopLayer,0
R13,27.3,47.6,TopLayer,90
R14,26.2,4.7,TopLayer,180
R15,44.7,7.6,TopLayer,0
R16,9.5,21,BottomLayer,180
R17,20.3,4.4,TopLayer,270
R18,19.2,5.4,TopLayer,270
R19,16.2,20.4,TopLayer,270
R20,49.2671,35.4,TopLayer,90
R21,15,20.4,TopLayer,90
R22,15.3,50.3,BottomLayer,180
R23,14.8,58.3,BottomLayer,90
R24,54.3,15.1,TopLayer,90
R25,58,4.8,TopLayer,0
R26,58,5.9,TopLayer,0
R27,49.2671,33.2,TopLayer,90
R28,49.1671,29.5,TopLayer,90
R29,48.4671,27.9,TopLayer,180
R30,46.4671,31.2,TopLayer,180
R31,60.9,10.7,BottomLayer,90
R32,60.9,8.3,BottomLayer,270
R33,5.7,53.6,BottomLayer,0
R35,15.3,61.1,BottomLayer,0
R36,59.4,25.2,TopLayer,90
R37,54.6,34.7,BottomLayer,90
R38,58.5,19.1,TopLayer,90
R39,47.9671,29.5,TopLayer,270
R40,18.5,45.9,BottomLayer,90
R41,7.1,23.9,BottomLayer,270
R42,17.4,61.1,BottomLayer,180
R43,22.3,60.4,BottomLayer,90
R44,61.5,46.9,TopLayer,270
R45,50.3,51.6,TopLayer,180
R46,60.6,31.1,TopLayer,90
R47,60.6,22.6,TopLayer,90
R48,60.6,25.2,TopLayer,90
R49,40.6,14.6,TopLayer,90
R50,41.7,14.6,TopLayer,90
R51,42.8,14.6,TopLayer,90
R52,48.7,15.6,TopLayer,180
R53,48.3,17.2,TopLayer,90
SW1,24.3,15.3,BottomLayer,180
SW2,30.6,9,BottomLayer,90
SW3,24.3,9,BottomLayer,270
SW4,51.3,17.5,BottomLayer,180
SW7,18,9,BottomLayer,270
SW8,24.3,2.7,BottomLayer,0
U1,14.1,24.8,TopLayer,0
U2,59.5,11.25,TopLayer,0
U3,49.9,7.2,TopLayer,270
U4,9.4,24.8,TopLayer,90
U5,21.8,8.2,TopLayer,270
U6,44.6671,27.8,TopLayer,90
U7,36.44,35.2,TopLayer,0
U8,70.9,9.5,BottomLayer,270
U9,56.6,31,TopLayer,0
Y1,41.8,8.7,TopLayer,270
